Assembly No,Assembly Name,Panchayat (मुख्य शहर/ गाँव),Booth No,Booth Name,Total voters,Male voters,Female voters
72,सिंहेश्वर,कन्हुआ गोढियारी,1,मध्य विद्यालय कन्हुआ गोढियारी उत्तर भाग,953,479,474
72,सिंहेश्वर,कमरगामा,10,"मध्य विद्यालय, कमरगामा, बायां भाग",801,401,400
72,सिंहेश्वर,गहुमनी,100,"प्राथमिक विद्यालय, एकडरहा, दायां भाग दक्षिण",818,434,384
72,सिंहेश्वर,गहुमनी,101,"उत्क्रमित उच्चतर माध्यमिक विद्यालय, इटहरी पूरब भाग बायाँ",987,534,453
72,सिंहेश्वर,गहुमनी,102,"उत्क्रमित उच्चतर माध्यमिक विद्यालय, इटहरी पश्चिम भाग",1010,515,495
72,सिंहेश्वर,जयपुरा,103,उत्क्रमित मध्य विद्यालय जयपुरा,997,527,470
72,सिंहेश्वर,जयपुरा,104,उत्क्रमित मध्य विद्यालय मौरा खाप दायाँ भाग,925,468,457
72,सिंहेश्वर,मौरा,105,"उत्क्रमित मध्य विद्यालय, मोरा खाप बायाँ भाग",953,481,472
72,सिंहेश्वर,बारी,106,"प्राथमिक विद्यालय, बारी, बायां भाग",931,472,459
72,सिंहेश्वर,मौरा,107,"प्राथमिक विद्यालय, बारी, दायां भाग",848,440,408
72,सिंहेश्वर,मौरा,108,"पंचायत भवन मौरा, बायां भाग",919,461,458
72,सिंहेश्वर,मौरा,109,"पंचायत भवन, मौरा, दायां भाग",873,454,419
72,सिंहेश्वर,कमरगामा,11,"मध्य विद्यालय, बड़हरी",936,475,461
72,सिंहेश्वर,कबियाही,110,"गोरेलाल उच्च विद्यालय, कवियाही, उत्तर, दाया भाग पश्चिम",1143,604,539
72,सिंहेश्वर,कबियाही,111,"गोरेलाल उच्च विद्यालय, कवियाही, दक्षिण भाग",1124,592,532
72,सिंहेश्वर,झरकाहा,112,मध्य विद्यालय झरकाहा नं0-२ दाया भाग,983,513,470
72,सिंहेश्वर,झरकाहा,113,"उर्दू मध्य विद्यालय, गाढा रहमानपुर दाया भाग",689,339,350
72,सिंहेश्वर,झरकाहा,114,"उर्दू मध्य विद्यालय, गाढा रहमानपुर बायां भाग",666,329,337
72,सिंहेश्वर,झरकाहा,115,"पंचायत भवन झरकाहा, बायां भाग",881,426,455
72,सिंहेश्वर,झरकाहा,116,"पंचायत भवन, झरकाहा, दायां भाग",794,411,383
72,सिंहेश्वर,झरकाहा,117,"मध्य विद्यालय, झरकाहा नं01, बायां भाग",1003,523,480
72,सिंहेश्वर,झरकाहा,118,"मध्य विद्यालय, झरकाहा नं 01, दायां भाग",795,398,397
72,सिंहेश्वर,चौराहा,119,"उर्दू मध्य विद्यालय, एकराहा",767,401,366
72,सिंहेश्वर,गोपालपुर,12,"उत्क्रमित मध्य विद्यालय, गोपालपुर",682,346,336
72,सिंहेश्वर,चौराहा,120,"उत्क्रमित मध्य विद्यालय, चौराहा दायाँ भाग",911,483,428
72,सिंहेश्वर,चौराहा,121,"उत्क्रमित मध्य विद्यालय, चौराहा, बायाँ भाग",786,396,390
72,सिंहेश्वर,चौराहा,122,"उत्क्रमित मध्य विद्यालय, बघला दाया भाग",609,298,311
72,सिंहेश्वर,चौराहा,123,"उत्क्रमित मध्य विद्यालय, बघला बायाँ भाग",603,306,297
72,सिंहेश्वर,रामपुरलाही,124,"उत्क्रमित मध्य विद्यालय, गाढा रामपुर, दायां भाग",774,375,399
72,सिंहेश्वर,रामपुरलाही,125,"उत्क्रमित मध्य विद्यालय, गाढा रामपुर, बायां भाग पश्चिम",1002,538,464
72,सिंहेश्वर,रामपुरलाही,126,"उत्क्रमित मध्य विद्यालय, बरियाही वायाँ भाग पश्चिम",847,434,412
72,सिंहेश्वर,रामपुरलाही,127,"उत्क्रमित मध्य विद्यालय, बरियाही दायाँ भाग पूरब",769,395,374
72,सिंहेश्वर,रामपुरलाही,128,"उत्क्रमित मध्य विद्यालय, बरियाही दायाँ भाग पश्चिम",881,429,452
72,सिंहेश्वर,रामपुरलाही,129,"उत्क्रमित मध्य विदयालय, बथान गाढा, दायां भाग",885,435,450
72,सिंहेश्वर,पिपराही,13,"उत्क्रमित मध्य विद्यालय पिपराही नं0-1, पश्चिम, दायां भाग",864,443,421
72,सिंहेश्वर,रामपुरलाही,130,"उत्क्रमित मध्य विद्यालय, बथान गाढा, बायां भाग",942,480,462
72,सिंहेश्वर,रामपुरलाही,131,"उत्क्रमित मध्य विद्यालय, लाही दायां भाग",659,341,318
72,सिंहेश्वर,रामपुरलाही,132,"उत्क्रमित मध्य विद्यालय, लाही बायां भाग",713,377,336
72,सिंहेश्वर,रामपुरलाही,133,"प्राथमिक विद्यालय, जीतपुर दाया भाग",897,469,428
72,सिंहेश्वर,परसा,134,"मध्य विद्यालय, बथान परसा, पश्चिम भाग दाया",824,417,407
72,सिंहेश्वर,परसा,135,"मध्य विद्यालय, बथान परसा, पश्चिम भाग बाया",846,429,417
72,सिंहेश्वर,परसा,136,"मध्य विद्यालय, बथान परसा, पूरब भाग",948,502,446
72,सिंहेश्वर,परसा,137,"मध्य विद्यालय, बथान परसा, मध्य भाग",856,451,405
72,सिंहेश्वर,परसा,138,"उत्क्रमित मध्य विद्यालय, भलुआहा",903,461,442
72,सिंहेश्वर,परसा,139,"उत्क्रमित मध्य विद्यालय, जीतपुर",1032,544,488
72,सिंहेश्वर,पिपराही,14,"उत्क्रमित मध्य विद्यालय पिपराही नं0-1, पश्चिम. बांया भाग",855,458,397
72,सिंहेश्वर,बेहरारी,140,"उत्क्रमित मध्य विद्यालय, बेहरारी, दायां भाग",818,435,383
72,सिंहेश्वर,बेहरारी,141,"उत्क्रमित मध्य विद्यालय, बेहरारी, बायां भाग",725,363,362
72,सिंहेश्वर,बेहरारी,142,"उत्क्रमित मध्य विद्यालय, काल्हुआ, पश्चिम टोला, बायाँ भाग",1095,555,540
72,सिंहेश्वर,बेहरारी,143,"उत्क्रमित मध्य विद्यालय कोल्हुआ, पश्चिम टोला, दायाँ भाग",987,503,484
72,सिंहेश्वर,बेहरारी,144,"उत्क्रमित मध्य विद्यालय, कोल्हुआ, पूरब टोला, बांया भाग पूरब",888,451,437
72,सिंहेश्वर,बेहरारी,145,उत्क्रांमित मध्य विद्यालय कोल्हुआ पूरब टोला दाया भाग,937,489,448
72,सिंहेश्वर,बेहरारी,146,"उत्क्रमित मध्य विद्यालय, कोल्हुआ, पूरब टोला, दक्षिण पश्चिम",908,460,448
72,सिंहेश्वर,गोरराहा,147,"उत्क्रमित मध्य विद्यालय, गोरराहा",805,436,369
72,सिंहेश्वर,गिद्धा,148,"उत्क्रमित उच्च माध्यमिक विद्यालय, हसनपुरा, बायाँ भाग पुराना",665,335,330
72,सिंहेश्वर,गिद्धा,149,"उत्क्रमित उच्च माध्यमिक विद्यालय, हसनपुरा, दायाँ भाग पुराना",763,395,367
72,सिंहेश्वर,पिपराही,15,"उत्क्रमित मध्य विद्यालय पिपराही नं0-1, पुरव. बांया भाग",951,490,461
72,सिंहेश्वर,चम्पानगर,150,"उत्क्रमित मध्य विद्यालय, चम्पानगर गिद्धा, वायाँ भाग पूरब",810,413,397
72,सिंहेश्वर,चम्पानगर,151,"उत्क्रमित मध्य विद्यालय, चम्पानगर गिद्धा, दायाँ भाग उत्तर",863,438,425
72,सिंहेश्वर,चम्पानगर,152,"उत्क्रमित मध्य विद्यालय, चम्पानगर गिद्धा, पुराना भवन पूरब",829,410,419
72,सिंहेश्वर,बगवियानी,153,"उत्क्रमित मध्य विद्यालय, बगबियानी, दायां भाग",726,326,400
72,सिंहेश्वर,बगवियानी,154,"उत्क्रमित मध्य विद्यालय, बघवियानी, बायां भाग",752,399,353
72,सिंहेश्वर,गिद्धा,155,"प्राथमिक विद्यालय, कजरा हिन्दी, बायां भाग",916,459,457
72,सिंहेश्वर,कजरा,156,"प्राथमिक विद्यालय, कजरा हिन्दी, दायां भाग",824,420,404
72,सिंहेश्वर,जिरवा,157,"उत्क्रमित मध्य विद्यालय, निशिहरपुर, उत्तर भाग पूरब",834,452,382
72,सिंहेश्वर,जिरवा,158,"उत्क्रांमित मध्य विद्यालय, निशिहरपुर, दक्षिण भाग पश्चिम",900,447,453
72,सिंहेश्वर,जिरवा,159,"उत्क्रमित मध्य विद्यालय, निशिहरपुर, दक्षिण भाग पूरब",821,411,410
72,सिंहेश्वर,दुलार,16,"उत्क्रमित मध्य विद्यालय पिपराही नं0-1, पुरव, दायां भाग",838,437,401
72,सिंहेश्वर,शंकरपुर,160,"उत्क्रांमित मध्य विद्यालय, बलवा दाया भाग",649,322,327
72,सिंहेश्वर,शंकरपुर,161,"उत्क्रमित मध्य विद्यालय, बलवा बायां भाग",628,329,299
72,सिंहेश्वर,शंकरपुर,162,"मध्य विद्यालय, शंकरपुर, बायां भाग",851,449,402
72,सिंहेश्वर,जिरवा,163,"मध्य विद्यालय, शंकरपुर, दायां भाग",877,453,424
72,सिंहेश्वर,जिरवा,164,"प्राथमिक विद्यालय, सोनवर्षा, दायाँ भाग उत्तर",1186,614,572
72,सिंहेश्वर,जिरवा,165,"प्राथमिक विद्यालय, सोनवर्षा, बायां भाग पूरब भवन",973,529,444
72,सिंहेश्वर,जिरवा,166,"उर्दु प्राथमिक विद्यालय, डी0एस0पी0 टोला",776,381,395
72,सिंहेश्वर,मौजमा,167,"उत्क्रांमित मध्य विद्यालय, मौजमा, दक्षिण भाग",760,402,358
72,सिंहेश्वर,मौजमा,168,"उत्क्रांमित मध्य विद्यालय, मौजमा, उत्तर भाग",752,350,402
72,सिंहेश्वर,हिरोलवा,169,"प्राथमिक विद्यालय, हिरोलवा दाया भाग",1111,580,531
72,सिंहेश्वर,पिपराही,17,"उत्क्रमित मध्य विद्यालय, पिपराही न0-2 बायां भाग",962,506,456
72,सिंहेश्वर,मौजमा,170,"उत्क्रांमित मध्य विद्यालय, जीरवा बायां भाग",1087,533,553
72,सिंहेश्वर,मौजमा,171,"उत्क्रांमित मध्य विद्यालय, जीरवा दायां भाग",1019,528,491
72,सिंहेश्वर,मधेली बाजार,172,"कारी अनन्त उच्च विद्यालय, मधैली दक्षिण, बायां भाग",954,505,449
72,सिंहेश्वर,मधेली बाजार,173,"कारी अनन्त उच्च विद्यालय, मधैली दक्षिण, दायां भाग",762,403,359
72,सिंहेश्वर,मधेली बाजार,174,"कारी अनन्त उच्च विद्यालय, मधैली उत्तर, बायां भाग",1101,564,537
72,सिंहेश्वर,मधेली बाजार,175,"कारी अनन्त उच्च विद्यालय, मधैली उत्तर, दायां भाग",678,338,340
72,सिंहेश्वर,मधेली बाजार,176,"सीता कन्या प्राथमिक विद्यालय, मधैली",888,443,445
72,सिंहेश्वर,अरताहा,177,"उत्क्रांमित मध्य विद्यालय, अरताहा वायाँ भाग पश्चिम",1078,566,512
72,सिंहेश्वर,रायभीर,178,"उत्क्रांमित मध्य विद्यालय अरताहा, दायाँ भाग",1085,582,503
72,सिंहेश्वर,रायभीर,179,"मध्य विद्यालय, रायभीर, उत्तर भाग पूरब",1081,574,507
72,सिंहेश्वर,दुलार,18,"उत्क्रमित मध्य विद्यालय, पिपराही न0-2 दायाँ भाग",985,517,468
72,सिंहेश्वर,रायभीर,180,"मध्य विद्यालय, रायभीर, दक्षिण भाग",988,513,475
72,सिंहेश्वर,रायभीर,181,"उत्क्रांमित मध्य विद्यालय, रायभीर छपरिया टोला",1075,553,522
72,सिंहेश्वर,रायभीर,182,"उत्क्रमित मध्य विद्यालय, खाप टोला रायभीड दाया भाग",643,331,312
72,सिंहेश्वर,रायभीर,183,"उत्क्रमित मध्य विद्यालय, खाप टोला रायभीड़ बायाँ भाग",617,315,302
72,सिंहेश्वर,रायभीर,184,"मध्य विद्यालय बसंतपुर दक्षिण, दाया भाग",956,488,468
72,सिंहेश्वर,बंसतपुर,185,"मध्य विद्यालय बसंतपुर दक्षिण, बायाँ भाग",663,349,314
72,सिंहेश्वर,बंसतपुर,186,"उत्क्रांमित मध्य विद्यालय, बसंतपुर उत्तर टोला दाया भाग",733,399,334
72,सिंहेश्वर,बंसतपुर,187,"उत्क्रांमित मध्य विद्यालय, बसंतपुर उत्तर टोला बाया भाग",769,394,375
72,सिंहेश्वर,विशनपुर सुन्दर,188,"उत्क्रमित मध्य विद्यालय, कांकड़, दायां भाग",738,405,333
72,सिंहेश्वर,विशनपुर सुन्दर,189,"उत्क्रमित मध्य विद्यालय, कांकड़, बायां भाग",903,504,399
72,सिंहेश्वर,दुलार,19,"मध्य विद्यालय, दुलार पूरब भाग बाया",1161,621,540
72,सिंहेश्वर,विशनपुर सुन्दर,190,"प्राथमिक विद्यालय, पथराहा, दायां भाग",815,426,389
72,सिंहेश्वर,विशनपुर सुन्दर,191,"प्राथमिक विद्यालय, पथराहा, बायां भाग",792,417,375
72,सिंहेश्वर,विशनपुर सुन्दर,192,"उत्क्रमित मध्य विद्यालय, परसाही, दायाँ भाग",975,541,434
72,सिंहेश्वर,विशनपुर सुन्दर,193,"उत्क्रमित मध्य विद्यालय, परसाही, बायाँ भाग पश्चिम",694,359,335
72,सिंहेश्वर,विशनपुर सुन्दर,194,"उत्क्रमित मध्य विद्यालय, परसाही, बायाँ भाग पूरब",688,331,357
72,सिंहेश्वर,विशनपुर सुन्दर,195,"उत्क्रमित उच्च विद्यालय, कुपाड़ी, दायाँ भाग",1000,507,493
72,सिंहेश्वर,विशनपुर सुन्दर,196,"उत्क्रमित उच्च विद्यालय, कुपाड़ी, बायाँ भाग",1049,571,478
72,सिंहेश्वर,विशनपुर सुन्दर,197,"उत्क्रमित मध्य विद्यालय, लक्ष्मीनियाँ, दायाँ भाग",896,469,427
72,सिंहेश्वर,विशनपुर सुन्दर,198,"उत्क्रमित मध्य विद्यालय, लक्ष्मीनियाँ, बायाँ भाग",939,514,425
72,सिंहेश्वर,विशनपुर सुन्दर,199,"गुदर मध्य विद्यालय, विशनपुर, बायां भाग दक्षिण",972,521,451
72,सिंहेश्वर,कन्हुआ गोढियारी,2,"मध्य विद्यालय कन्हुआ गोढियारी, दक्षिण भाग",969,514,455
72,सिंहेश्वर,दुलार,20,"मध्य विद्यालय, दुलार, पश्चिम भाग",952,467,485
72,सिंहेश्वर,विशनपुर,200,गुदर मध्य विद्यालय विशनपुर मध्य भाग पूरब,999,536,463
72,सिंहेश्वर,विशनपुर,201,"गुदर मध्य विद्यालय, विशनपुर दाँया भाग मध्य",912,493,419
72,सिंहेश्वर,विशनपुर,202,"गुदर मध्य विद्यालय, विशनपुर, बायां भाग उत्तर",940,464,476
72,सिंहेश्वर,टिकुलिया,203,"महावीर रानीपट्टी +2 विद्यालय, टिकुलिया, उत्तर भाग",1103,573,530
72,सिंहेश्वर,टिकुलिया,204,"महावीर रानीपट्टी +2 विद्यालय, टिकुलिया, मध्य भाग",1068,558,510
72,सिंहेश्वर,टिकुलिया,205,"महावीर रानीपट्टी +2 विद्यालय, टिकुलिया, दक्षिण भाग बायाँ",1039,531,508
72,सिंहेश्वर,विशनपुर सुन्दर,206,"उर्दू प्राथमिक विद्यालय, टिकुलिया",1017,532,485
72,सिंहेश्वर,पुरैनी,207,"उर्दू उत्क्रमित मध्य विद्यालय, पुरैनी, बायाँ भाग",788,461,327
72,सिंहेश्वर,पुरैनी,208,"उर्दू उत्क्रमित मध्य विद्यालय, पुरैनी, दायाँ भाग",950,489,461
72,सिंहेश्वर,पुरैनी,209,"उर्दू उत्क्रमित मध्य विद्यालय, पुरैनी, मध्य भाग",803,426,377
72,सिंहेश्वर,डंडारी,21,"मध्य विद्यालय, डंडारी, उतर भाग बाया",1157,604,553
72,सिंहेश्वर,पुरैनी,210,"उत्क्रमित उच्चतर माध्यमिक विद्यालय, कररिया, बायाँ भाग पूरब",991,533,458
72,सिंहेश्वर,पुरैनी,211,"उत्क्रमित उच्चतर माध्यमिक विद्यालय, कररिया, दायाँ भाग",1119,579,540
72,सिंहेश्वर,पुरैनी,212,"उत्क्रमित उच्चतर माध्यमिक विद्यालय, कररिया, मध्य भाग",1126,578,548
72,सिंहेश्वर,पुरैनी,213,"उत्क्रमित उर्दू मध्य विद्यालय, शरहदगति, दायाँ भाग",805,439,366
72,सिंहेश्वर,सरहद गति,214,"उत्क्रमित उर्दू मध्य विद्यालय, शरहदगति, बायाँ भाग",960,494,466
72,सिंहेश्वर,सरहद गति,215,"मध्य विद्यालय, शरहद, दायाँ भाग",952,509,443
72,सिंहेश्वर,सरहद गति,216,"मध्य विद्यालय, शरहद, बायाँ भाग",947,494,453
72,सिंहेश्वर,रामनगर महेश,217,"उत्क्रमित उर्दू मध्य विद्यालय, पोखरिया दायाँ भाग",1087,583,504
72,सिंहेश्वर,चकला दातु सरदार,218,"उत्क्रमित उर्दू मध्य विद्यालय, पोखरिया बायाँ भाग",1276,659,617
72,सिंहेश्वर,रामनगर महेश,219,"रामकृष्ण मध्य विद्यालय, श्रीनगर पूरब भाग",1129,581,548
72,सिंहेश्वर,डंडारी,22,"मध्य विद्यालय, डंडारी, दक्षिण भाग बाया",1169,599,570
72,सिंहेश्वर,रामनगर महेश,220,"रामकृष्ण मध्य विद्यालय, श्रीनगर, पश्चिम भाग उत्तर",1019,533,486
72,सिंहेश्वर,रामनगर महेश,221,"मध्य विद्यालय, रामनगर महेश, उत्तर भाग बाया",845,461,384
72,सिंहेश्वर,रामनगर महेश,222,"मध्य विद्यालय, रामनगर महेश दक्षिण भाग दाया",838,451,387
72,सिंहेश्वर,रामनगर महेश,223,"मध्य विद्यालय, रामनगर महेश, उत्तर भाग मध्य",812,437,375
72,सिंहेश्वर,रामनगर महेश,224,"जवाहर उच्च विद्यालय, रामनगर बेला, दायाँ भाग",691,377,314
72,सिंहेश्वर,रामनगर महेश,225,"जवाहर उच्च विद्यालय, रामनगर बेला, बायाँ भाग",673,333,340
72,सिंहेश्वर,परमानन्दपुर,226,"उत्क्रमित उच्च विद्यालय, परमानंदपुर, दायाँ भाग पूरब",993,536,457
72,सिंहेश्वर,परमानन्दपुर,227,"उत्क्रमित उच्च विद्यालय, परमानंदपुर, बायाँ भाग",1081,561,520
72,सिंहेश्वर,परमानन्दपुर,228,"उत्क्रमित मध्य विद्यालय, बघमारा(बघवा) दायाँ भाग",1031,570,461
72,सिंहेश्वर,परमानन्दपुर,229,"उत्क्रमित मध्य विद्यालय, बघमारा (बघवा) बायाँ भाग",989,519,470
72,सिंहेश्वर,बैरबन्ना,23,"उत्क्रमित मध्य विद्यालय, बैरबन्ना, पश्चिम भाग बाया",972,517,455
72,सिंहेश्वर,परमानन्दपुर,230,"पंचायत भवन परमानंदपुर, बायां भाग उत्तर",747,384,363
72,सिंहेश्वर,परमानन्दपुर,231,"पंचायत भवन परमानंदपुर, बायां भाग दक्षिण",751,403,348
72,सिंहेश्वर,परमानन्दपुर,232,"पंचायत भवन, परमानंदपुर, दायां भाग पश्चिम",691,363,328
72,सिंहेश्वर,परमानन्दपुर,233,"पंचायत भवन, परमानंदपुर, दायां भाग पूरब",765,401,364
72,सिंहेश्वर,लक्ष्मीपुर भगवती,234,"उत्क्रमित उर्दू मध्य विद्यालय, चैनपुर, दायां भाग",959,483,476
72,सिंहेश्वर,लक्ष्मीपुर भगवती,235,"उत्क्रमित उर्दू मध्य विद्यालय, चैनपुर, बायां भाग",948,503,445
72,सिंहेश्वर,हनुमान नगर,236,"नवसृजित प्राथमिक विद्यालय, हनुमान नगर, भित्ता टोला उत्तर भाग",799,421,378
72,सिंहेश्वर,चैनपुर,237,"नवसृजित प्राथमिक विद्यालय, हनुमान नगर, भित्ता टोला दक्षिण",990,521,469
72,सिंहेश्वर,लक्ष्मीपुर भगवती,238,"उत्क्रमित उच्च विद्यालय, खुटहा रजई",776,407,369
72,सिंहेश्वर,कुमारखंड,239,"मध्य विद्यालय, लक्ष्मीपुर भगवती मिल्लिक, दांया भाग उत्तर",872,458,414
72,सिंहेश्वर,बैरबन्ना,24,"उत्क्रमित मध्य विद्यालय, बैरबन्ना पूरब भाग बाया",906,464,442
72,सिंहेश्वर,लक्ष्मीपुर भगवती,240,"मध्य विद्यालय, लक्ष्मीपुर भगवती मिल्लिक, मध्य भाग",964,503,461
72,सिंहेश्वर,लक्ष्मीपुर भगवती मिलिक,241,"मध्य विद्यालय, लक्ष्मीपुर भगवती मिलिक, बायाँ भाग दक्षिण",826,438,388
72,सिंहेश्वर,लक्ष्मीपुर भगवती,242,"मध्य विद्यालय, लक्ष्मीपुर भगवती मिल्लिक, दांया भाग दक्षिण",942,479,463
72,सिंहेश्वर,लक्ष्मीपुर भगवती,243,"स्त्री मध्य विद्यालय, लक्ष्मीपुर भगवती (पूर्व) पूरब",1070,533,537
72,सिंहेश्वर,लक्ष्मीपुर भगवती,244,"स्त्री मध्य विद्यालय, लक्ष्मीपुर भगवती (पूर्व) बायाँ भाग",1021,527,494
72,सिंहेश्वर,,245,"प्राथमिक विद्यालय, रहटा रामनगर बाँया भाग",0,359,322
72,सिंहेश्वर,मंगरवाडा,246,"प्राथमिक विद्यालय रहटा रामनगर, मध्य भाग",652,332,320
72,सिंहेश्वर,मंगरवाडा,247,"प्राथमिक विद्यालय रहटा रामनगर, दायाँ भाग",870,473,397
72,सिंहेश्वर,मंगरवाडा,248,"उत्क्रमित उच्चत्तर माध्यमिक विद्यालय, सुन्दर नगर हरिजन बॉया",709,349,360
72,सिंहेश्वर,मंगरवाडा,249,"उत्क्रमित उच्चत्तर माध्यमिक विद्यालय, सुन्दर नगर हरिजन बॉया",738,382,356
72,सिंहेश्वर,बैरबन्ना,25,"उत्क्रमित मध्य विद्यालय, बैरबन्ना मध्य भाग",876,460,416
72,सिंहेश्वर,मंगरवाडा,250,"उत्क्रमित उच्चत्तर माध्यमिक विद्यालय, सुन्दर नगर हरिजन दाँया",596,323,272
72,सिंहेश्वर,मंगरवाडा,251,"उत्क्रमित उच्चत्तर माध्यमिक विद्यालय, सुन्दर नगर हरिजन दाँया",567,305,262
72,सिंहेश्वर,मंगरवाडा,252,"उत्क्रमित उर्दू मध्य विद्यालय, मंगरवाडा, दायां भाग",966,515,451
72,सिंहेश्वर,मंगरवाडा,253,"उत्क्रमित उर्दू मध्य विद्यालय, मंगरवाडा, बायां भाग",894,471,423
72,सिंहेश्वर,मंगरवाडा,254,"मध्य विद्यालय, अगाढ़ दाया भाग",655,342,313
72,सिंहेश्वर,मंगरवाडा,255,"मध्य विद्यालय, अगाढ़ बायाँ भाग",667,358,309
72,सिंहेश्वर,बेलासदी,256,"उत्क्रमित मध्य विद्यालय, बेलासदी, पश्चिम भाग बाया",880,479,401
72,सिंहेश्वर,बेलासदी,257,"उत्क्रमित मध्य विद्यालय, बेलासदी, पूरव भाग",883,484,399
72,सिंहेश्वर,बेलासदी,258,"उत्क्रमित मध्य विद्यालय, बेलासदी, मध्य भाग",808,458,350
72,सिंहेश्वर,घुड्रदौल,259,"उत्क्रमित मध्य विद्यालय, घुडदौल दाया भाग",1072,534,538
72,सिंहेश्वर,बैहरी,26,"मध्य विद्यालय, बैहरी",999,510,489
72,सिंहेश्वर,बेलासदी मिलिक,260,"उत्क्रमित मध्य विद्यालय, मधुबनी",910,490,420
72,सिंहेश्वर,बेलासदी,261,"मध्य विद्यालय, ईसराइन कला",728,385,343
72,सिंहेश्वर,बेलासदी,262,"नवसजीत प्राथमिक विद्यालय, अंडीपट्टी, दायां भाग",920,480,440
72,सिंहेश्वर,बेलासदी,263,"नवसजीत प्राथमिक विद्यालय, अंडीपट्टी, बायां भाग",835,446,389
72,सिंहेश्वर,गुड्रिया,264,"कन्या प्राथमिक विद्यालय, गढ़िया, दायां भाग",876,474,402
72,सिंहेश्वर,गुड्रिया,265,"कन्या प्राथमिक विद्यालय, गढ़िया, बायां भाग",919,462,457
72,सिंहेश्वर,सिहपुर,266,"प्रोजेक्ट कन्या उच्च विद्यालय कुमारखण्ड, अवस्थित सिंहपुर",809,407,402
72,सिंहेश्वर,सिहपुर,267,"प्रोजेक्ट कन्या उच्च विद्यालय, कुमारखंड अवस्थित सिंहपुर, गढिया, वायाँ भाग पूरब",770,409,361
72,सिंहेश्वर,सिहपुर,268,"प्रोजेक्ट कन्या उच्च विद्यालय कुमारखण्ड, अवस्थित सिंहपुर गढिया,",710,328,382
72,सिंहेश्वर,सिहपुर,269,"मध्य विद्यालय, गुड़िया, दायाँ भाग",899,477,422
72,सिंहेश्वर,बुढावे,27,उत्क्रमित मध्य विद्यालय बुढ़ावे बायाँ भाग उत्तर,1082,542,540
72,सिंहेश्वर,सिहपुर,270,"मध्य विद्यालय, गुड़िया, बायाँ भाग",926,472,454
72,सिंहेश्वर,सिक्राहट्टी,271,"उत्क्रमित मध्य विद्यालय, सिकरहटी दाया भाग",1104,583,521
72,सिंहेश्वर,सिक्राहट्टी,272,"उत्क्रमित मध्य विद्यालय, सिकरहटी, बायां भाग",1108,504,604
72,सिंहेश्वर,कुमारखंड,273,"उत्क्रमित उच्चतर माध्यमिक विद्यालय, रघुनियाँ, दायाँ भाग",1005,533,472
72,सिंहेश्वर,कुमारखंड,274,"उत्क्रमित उच्चतर माध्यमिक विद्यालय, रघुनियाँ, मध्य भाग",1032,526,506
72,सिंहेश्वर,कुमारखंड,275,"उत्क्रमित उच्चतर माध्यमिक विद्यालय, रघुनियाँ, बायाँ भाग",1078,576,502
72,सिंहेश्वर,कुमारखंड,276,"मध्य विद्यालय, रामगंज, दायां भाग",790,393,397
72,सिंहेश्वर,कुमारखंड,277,"मध्य विद्यालय, रामगंज, बाया भाग",787,412,375
72,सिंहेश्वर,कुमारखंड,278,"आदर्श सिंहेश्वर मध्य विद्यालय, कुमारखंड दायाँ भाग पूरब",808,435,373
72,सिंहेश्वर,कुमारखंड,279,"आदर्श सिंहेश्वर मध्य विद्यालय, कुमारखंड मध्य भाग",705,359,346
72,सिंहेश्वर,बुढावे,28,"उत्क्रमित मध्य विद्यालय, बुढावे दायाँ भाग",1033,547,486
72,सिंहेश्वर,कुमारखंड,280,"आदर्श सिंहेश्वर मध्य विद्यालय, कुमारखंड मध्य भाग उत्तर",743,373,370
72,सिंहेश्वर,कुमारखंड,281,"आदर्श सिंहेश्वर मध्य विद्यालय, कुमारखंड बायाँ भाग",979,515,464
72,सिंहेश्वर,श्रीपुर मिलिक,282,"नवसृजित प्राथमिक विद्यालय, यादव टोला भतनी, दाँया भाग",850,452,398
72,सिंहेश्वर,श्रीपुर मिलिक,283,"नवसृजित प्राथमिक विद्यालय, यादव टोला भतनी, बॉया भाग",1001,529,472
72,सिंहेश्वर,बरहकुरवा,284,"उत्क्रमित कन्या मध्य विद्यालय, बरहकुरवा दाया भाग",1115,591,524
72,सिंहेश्वर,श्रीपुर मिलिक,285,"उत्क्रमित उच्चत्तर माध्यमिक विद्यालय, बरहकुरवा, दाया",684,348,336
72,सिंहेश्वर,श्रीपुर मिलिक,286,"उत्क्रमित उच्चत्तर माध्यमिक विद्यालय, बरहकुरवा, बाया",692,368,324
72,सिंहेश्वर,श्रीपुर मिलिक,287,"उत्क्रमित मध्य विद्यालय, टेंगराहा पूर्व भाग",765,402,363
72,सिंहेश्वर,श्रीपुर मिलिक,288,"उत्क्रमित मध्य विद्यालय, सिकियाहा दाया भाग",695,367,328
72,सिंहेश्वर,श्रीपुर मिलिक,289,"उत्क्रमित मध्य विद्यालय, सिकियाहा बायाँ भाग",693,366,327
72,सिंहेश्वर,सिंगयोन,29,"मध्य विद्यालय, सिंगियोन दायाँ भाग",615,319,296
72,सिंहेश्वर,श्रीपुर मिलिक,290,"उत्क्रमित मध्य विद्यालय, भोकराहा, दायां भाग",869,454,415
72,सिंहेश्वर,श्रीपुर मिलिक,291,"उत्क्रमित मध्य विद्यालय, भोकराहा, बायां भाग",923,464,459
72,सिंहेश्वर,श्रीपुर,292,"उत्क्रमित मध्य विद्यालय, परिहारी वायाँ भाग",1018,516,502
72,सिंहेश्वर,श्रीपुर,293,"उत्क्रमित मध्य विद्यालय परिहारी, दायाँ भाग",1043,563,480
72,सिंहेश्वर,श्रीपुर,294,"उत्क्रमित उच्च विद्यालय, टेंगराहा, पश्चिम, पश्चिम भाग",867,478,389
72,सिंहेश्वर,श्रीपुर,295,"उत्क्रमित उच्च विद्यालय, टेंगराहा, पश्चिम, पूर्व भाग",784,425,359
72,सिंहेश्वर,श्रीपुर,296,"उत्क्रमित उच्च विद्यालय, टेंगराहा, पश्चिम, मध्य भाग",783,391,392
72,सिंहेश्वर,श्रीपुर,297,"उत्क्रमित मध्य विद्यालय, दमगाड़ा, दायां भाग",780,426,354
72,सिंहेश्वर,श्रीपुर,298,"उत्क्रमित मध्य विद्यालय, दमगाड़ा, बाया भाग",859,428,431
72,सिंहेश्वर,श्रीपुर,299,"उत्क्रमित मध्य विद्यालय, हिरराहा वायाँ भाग उत्तर",1101,593,508
72,सिंहेश्वर,जलुआर,3,"उत्क्रमित मध्य विद्यालय, जलुआर, उत्तर भाग बायां",1144,560,584
72,सिंहेश्वर,सिंगयोन,30,"मध्य विद्यालय, सिंगियोन बायाँ भाग",618,322,296
72,सिंहेश्वर,श्रीपुर,300,"उत्क्रमित मध्य विद्यालय, हिरराहा दायाँ भाग पश्चिम",1102,576,526
72,सिंहेश्वर,रौता,301,"कामेश्वर उत्क्रमित उच्च माध्यमिक विद्यालय, रौता उत्तर भाग",916,500,416
72,सिंहेश्वर,रौता,302,"कामेश्वर उत्क्रमित उच्चतर माध्यमिक विद्यालय, रौता दक्षिण भाग",948,493,455
72,सिंहेश्वर,रौता,303,"कामेश्वर उत्क्रमित उच्चतर माध्यमिक विद्यालय, रौता मध्य भाग",852,437,415
72,सिंहेश्वर,रौता,304,"देव नारायण मध्य विद्यालय, हरिवोला, बायां भाग",904,460,444
72,सिंहेश्वर,रौता,305,"देव नारायण मध्य विद्यालय, हरिवोला, मध्य भाग",864,453,411
72,सिंहेश्वर,रौता,306,"देव नारायण मध्य विद्यालय, हरिबोला, दायां भाग बायां",1116,579,537
72,सिंहेश्वर,रौता,307,"उत्क्रांमित मध्य विद्यालय, मछहा, पूर्व",894,474,420
72,सिंहेश्वर,रौता,308,"मध्य विद्यालय, गोपालपुर",1042,537,505
72,सिंहेश्वर,सुखासन,309,"यदुनंदन मध्य विद्यालय, रानीपट्टी, बांया भाग उत्तर",608,323,285
72,सिंहेश्वर,रुपौली,31,"मध्य विद्यालय, रूपौली, दायाँ भाग",946,486,460
72,सिंहेश्वर,सुखासन,310,"यदुनंदन मध्य विद्यालय, रानीपट्टी, बांया भाग दक्षिण",638,349,289
72,सिंहेश्वर,सुखासन,311,"यदुनन्दन मध्य विद्यालय, रानीपट्टी, दांया भाग पूरब",1099,584,515
72,सिंहेश्वर,सुखासन डाकघर: रानीपट्टी सुखासन पुलिस स्टेशन: कुमारखंड तहसील: कुमारखंड जिला: मधेपुरा पिन कोड:,312,"देवनारायण उच्च माध्यमिक विद्यालय, रानीपट्टी, दायाँ भाग",987,524,463
72,सिंहेश्वर,सुखासन,313,"देवनारायण उच्च माध्यमिक विद्यालय, रानीपट्टी, वायाँ भाग, पूरब",1016,507,509
72,सिंहेश्वर,सुखासन,314,"मध्य विद्यालय, सुखासन, वायां भाग",1072,579,493
72,सिंहेश्वर,सुखासन,315,"मध्य विद्यालय सुखासन, मध्य भाग",971,517,454
72,सिंहेश्वर,सुखासन,316,"मध्य विद्यालय, सुखासन, दायां भाग दक्षिण",991,526,465
72,सिंहेश्वर,बेलाडी,317,"सोनाय मध्य विद्यालय, बेलारी, दक्षिण भाग पश्चिम",763,411,352
72,सिंहेश्वर,बेलाडी,318,"सोनाय मध्य विद्यालय, बेलारी, दक्षिण भाग पूरब",822,430,392
72,सिंहेश्वर,बेलाडी,319,"सोनाय मध्य विद्यालय, बेलारी, उत्तर भाग",635,343,292
72,सिंहेश्वर,रुपौली,32,"मध्य विद्यालय, रूपौली, बायां भाग",1023,510,513
72,सिंहेश्वर,बेलाडी,320,"सोनाय मध्य विद्यालय, बेलारी, मध्य भाग",798,420,378
72,सिंहेश्वर,बेलाडी,321,"उत्क्रमित मध्य विद्यालय, कुशहा, बायाँ भाग",802,424,378
72,सिंहेश्वर,बेलाडी,322,"उत्क्रमित मध्य विद्यालय, कुशहा, दायाँ भाग",755,398,357
72,सिंहेश्वर,बेलाडी,323,"मध्य विद्यालय, रामपट्टी",943,519,424
72,सिंहेश्वर,बिशनपुर कोड्रलाही,324,"उत्क्रांमित मध्य विद्यालय, कोडलाही दाया भाग",1134,618,516
72,सिंहेश्वर,बिशनपुर कोड्रलाही,325,"मध्य विद्यालय, शिवनगर जमुआहा, बायाँ भाग उत्तर",794,430,364
72,सिंहेश्वर,बिशनपुर कोड्रलाही,326,"मध्य विद्यालय, शिवनगर जमुआहा, दायां भाग पश्चिम",859,460,399
72,सिंहेश्वर,बिशनपुर कोड्रलाही,327,"मध्य विद्यालय, शिवनगर जमुआहा, मध्य भाग उत्तर",795,439,356
72,सिंहेश्वर,बिशनपुर कोड्रलाही,328,"उत्क्रमित मध्य विद्यालय, शिवनगर पडरिया दाया भाग",545,292,253
72,सिंहेश्वर,बिशनपुर कोड्रलाही,329,"उत्क्रमित मध्य विद्यालय, शिवनगर पड़रिया बायाँ भाग",486,256,230
72,सिंहेश्वर,रुपौली,33,"उत्क्रमित मध्य विद्यालय, केटावन",860,445,415
72,सिंहेश्वर,रहटा,330,"सितावी मध्य विदालय, रहटा, दायाँ भाग",750,396,354
72,सिंहेश्वर,रहटा,331,"सितावी मध्य विद्यालय, रहटा, बायां भाग",833,409,424
72,सिंहेश्वर,रहटा,332,"पंचायत भवन, रहटा, बांया भाग",1027,545,482
72,सिंहेश्वर,भवानीपुर,333,"पंचायत भवन, रहटा, दांया भाग पूरब",960,506,454
72,सिंहेश्वर,रहटा,334,"उत्क्रमित मध्य विद्यालय, रहटा, बायाँ भाग",1021,532,489
72,सिंहेश्वर,रहटा,335,"उत्क्रमित मध्य विद्यालय, रहटा, दायाँ भाग",1051,557,494
72,सिंहेश्वर,रहटा,336,"उत्क्रमित मध्य विद्यालय, भवानीपुर बायाँ भाग",766,382,384
72,सिंहेश्वर,रहटा,337,"उत्क्रमित मध्य विद्यालय, भवानीपुर दायाँ भाग",761,421,340
72,सिंहेश्वर,लक्ष्मीपुर चंडीस्थान,338,"उत्क्रमित मध्य विद्यालय, छर्रापट्टी, दायां भाग",720,375,345
72,सिंहेश्वर,लक्ष्मीपुर चंडीस्थान,339,"उत्क्रमित मध्य विद्यालय, छर्रापट्टी, बायां भाग",726,383,343
72,सिंहेश्वर,सतोखर,34,"उत्क्रमित मध्य विद्यालय, सतोखर, बायाँ भाग",1047,567,480
72,सिंहेश्वर,लक्ष्मीपुर चंडीस्थान,340,"उत्क्रमित उच्च विद्यालय, केवटगामा, बायाँ भाग",997,520,477
72,सिंहेश्वर,लक्ष्मीपुर चंडीस्थान,341,"उत्क्रमित उच्च विद्यालय, केवटगामा, दायाँ भाग",881,466,415
72,सिंहेश्वर,लक्ष्मीपुर चंडीस्थान,342,"उत्क्रमित उच्च विद्यालय, केवटगामा, मध्य भाग",982,517,465
72,सिंहेश्वर,लक्ष्मीपुर चंडीस्थान,343,"उत्क्रमित मध्य विद्यालय, लक्ष्मीपुर मिलिक, दायाँ भाग पूरब",1054,543,511
72,सिंहेश्वर,लक्ष्मीपुर चंडीस्थान,344,"उत्क्रमित मध्य विद्यालय, लक्ष्मीपुर मिलिक, वायों भाग",1061,566,495
72,सिंहेश्वर,लक्ष्मीपुर चंडीस्थान,345,"उत्क्रमित मध्य विद्यालय, लक्ष्मीपुर चंडीस्थान, दायाँ भाग",1062,575,487
72,सिंहेश्वर,लक्ष्मीपुर मिलिक,346,"उत्क्रमित मध्य विद्यालय, लक्ष्मीपुर चण्डीस्थान, बॉया भाग",1067,553,514
72,सिंहेश्वर,इसराईन खुर्द,347,"दुनिलाल मंडल उत्क्रमित मध्य विद्यालय, ईसराईन खुर्द दायाँ भाग",724,388,336
72,सिंहेश्वर,इसराईन खुर्द,348,"दुनिलाल मंडल उत्क्रमित मध्य विद्यालय, ईसराईन खुर्द बायाँ भाग",685,357,328
72,सिंहेश्वर,इसराईन खुर्द,349,"उर्दू प्राथमिक विद्यालय, यदुवापट्टी वायाँ भाग",805,443,362
72,सिंहेश्वर,रुपौली,35,"उत्क्रमित मध्य विद्यालय, सतोखर, दायाँ भाग",1085,560,525
72,सिंहेश्वर,इसराईन खुर्द,350,"उर्दू प्राथमिक विद्यालय, यदुआपट्टी, दाँया भाग पूरब",1084,574,510
72,सिंहेश्वर,इसराईन खुर्द,351,"दुर्गा मध्य विद्यालय, यदुआपट्टी, बॉया भाग पूरब",1030,560,470
72,सिंहेश्वर,इसराईन खुर्द,352,"दूर्गा मध्य विद्यालय, यदुआपट्टी, दाँया भाग",1032,558,474
72,सिंहेश्वर,इसराईन खुर्द,353,"पंचायत भवन, ईसराईन खुर्द, दायां भाग",659,364,295
72,सिंहेश्वर,इसराईन खुर्द,354,"पंचायत भवन, ईसराईन खुर्द, बायां भाग",728,401,327
72,सिंहेश्वर,इसराईन कला,355,"नवसृजित प्राथमिक विद्यालय, मधेली टोला दायाँ भाग",606,317,289
72,सिंहेश्वर,इसराईन कला,356,"नवसृजित प्राथमिक विद्यालय, मधेली टोला बायां भाग",642,353,289
72,सिंहेश्वर,इसराईन कला,357,"उत्क्रमित उच्च विद्यालय, इसराईन गोठ, बायाँ भाग",1036,546,490
72,सिंहेश्वर,इसराईन कला,358,"उत्क्रमित उच्च विद्यालय, इसराईन गोठ, दायाँ भाग",823,438,385
72,सिंहेश्वर,जोरावरगंज,359,"उत्क्रमित मध्य विद्यालय, जोरावरगंज (हिन्दी) पश्चिम भाग",911,484,427
72,सिंहेश्वर,रुपौली,36,"राजकीय बुनियादी विद्यालय, कटैया दायाँ भाग",658,337,321
72,सिंहेश्वर,जोरावरगंज,360,"उत्क्रमित मध्य विद्यालय, जोरावरगंज (हिन्दी) मध्य भाग",1157,584,573
72,सिंहेश्वर,जोरावरगंज,361,"उत्क्रमित मध्य विद्यालय, जोरावरगंज (हिन्दी) पूरब भाग",846,459,387
72,सिंहेश्वर,जोरावरगंज,362,"उत्क्रमित मध्य विद्यालय, जोरावगंज (हिन्दी) पश्चिम भाग",754,413,341
72,सिंहेश्वर,बैसाढ,363,"मध्य विद्यालय, भैरोपुर, दायाँ भाग",597,329,268
72,सिंहेश्वर,बैसाढ,364,"मध्य विद्यालय, भैरोपुर, बॉया भाग",1004,541,463
72,सिंहेश्वर,बैसाढ,365,"मध्य विद्यालय, बैसाढ, बॉया भाग उत्तर",1062,577,485
72,सिंहेश्वर,बैसाढ,366,"मध्य विद्यालय, बैसाढ, दाँया भाग पूरब",1044,529,514
72,सिंहेश्वर,बैसाढ,367,"मध्य विद्यालय, बैसाढ, दाँया भाग पश्चिम",855,437,418
72,सिंहेश्वर,बैसाढ,368,"दरवारी मध्य विद्यालय, करूवैली, उत्तर भाग",1062,534,528
72,सिंहेश्वर,बैसाढ,369,"दरवारी मध्य विद्यालय, करूवैली, मध्य भाग",1035,549,486
72,सिंहेश्वर,रुपौली,37,"राजकीय बुनियादी विद्यालय, कटैया बायाँ भाग",638,346,292
72,सिंहेश्वर,बैसाढ,370,"दरवारी मध्य विद्यालय, करूवैली, दक्षिण भाग पूरब",1063,551,511
72,सिंहेश्वर,बैसाढ,371,"उत्क्रमित मध्य विद्यालय, परमेश्वरी टोला, बैसाढ दाया भाग",1169,597,572
72,सिंहेश्वर,रुपौली,38,"मध्य विद्यालय, लरहा",1122,596,526
72,सिंहेश्वर,भवानीपुर,39,"पंचयात भवन भवानीपुर, दायां भाग",950,482,468
72,सिंहेश्वर,जलुआर,4,"उत्क्रमित मध्य विद्यालय, जलुआर, दक्षिण भाग",1146,591,555
72,सिंहेश्वर,भवानीपुर,40,"पंचयात भवन भवानीपुर, बायां भाग",965,500,465
72,सिंहेश्वर,भवानीपुर,41,"मध्य विद्यालय, भवानीपुर बाया भाग",749,387,362
72,सिंहेश्वर,भवानीपुर,42,"मध्य विद्यालय, भवानीपुर दाया भाग",710,374,336
72,सिंहेश्वर,लालपट्टी,43,"उत्क्रमित मध्य विद्यालय, लालपट्टी",1092,565,527
72,सिंहेश्वर,लालपट्टी,44,"प्राथमिक शिक्षक शिक्षा महाविद्यालय सुखासन मनहरा, मध्य भाग",1010,517,493
72,सिंहेश्वर,लालपट्टी,45,"प्राथमिक शिक्षक शिक्षा महाविद्यालय सुखासन मनहरा, दायाँ भाग",1029,534,495
72,सिंहेश्वर,लालपट्टी,46,"प्राथमिक शिक्षक शिक्षा महाविद्यालय सुखासन मनहरा, बायाँ भाग",883,459,424
72,सिंहेश्वर,लालपट्टी,47,"प्राथमिक शिक्षक शिक्षा महाविद्यालय, सुखासन मनहरा, मध्य उत्तर",838,446,392
72,सिंहेश्वर,लालपट्टी,48,"राजकीय बुनियादी अभ्याश विद्यालय, सुखासन, बायाँ भाग",829,425,404
72,सिंहेश्वर,लालपट्टी,49,"राजकीय बुनियादी अभ्याश विद्यालय, सुखासन, दायाँ भाग",851,446,405
72,सिंहेश्वर,मानपुर,5,उत्क्रमित मध्य विद्यालय मानपुर,1138,575,563
72,सिंहेश्वर,सिंहेश्वर,50,"उत्क्रमित उच्चतर माध्यमिक विद्यालय, रामपट्टी, पश्चिम भाग बायाँ",1070,572,498
72,सिंहेश्वर,रामपट्टी,51,"उत्क्रमित उच्चतर माध्यमिक विद्यालय, रामपट्टी, पुरब भाग बायाँ",737,396,341
72,सिंहेश्वर,रामपट्टी,52,"उत्क्रमित उच्चतर माध्यमिक विद्यालय, रामपट्टी, पुरब भाग दायाँ",872,449,423
72,सिंहेश्वर,सिंहेश्वर,53,"उत्क्रमित मध्य विद्यालय, सिंहेश्वर, पश्चिम भाग",1021,515,506
72,सिंहेश्वर,सिंहेश्वर,54,"उत्क्रमित मध्य विद्यालय, सिंहेश्वर, मध्य भाग",1086,571,515
72,सिंहेश्वर,सिंहेश्वर,55,जिला परिषद् डाक बंगला सिंहेश्वर मध्य भाग,1130,612,518
72,सिंहेश्वर,सिंहेश्वर,56,"उत्क्रमित मध्य विद्यालय, सिंहेश्वर, पूरब भाग, बायाँ",1063,548,515
72,सिंहेश्वर,सिंहेश्वर,57,"उत्क्रमित मध्य विद्यालय, सिंहेश्वर पुरब भाग, दायाँ",1096,571,525
72,सिंहेश्वर,लालपुर,58,"उत्क्रमित मध्य विद्यालय, गुरुतारा दायाँ भाग",700,367,333
72,सिंहेश्वर,2-लालपुर,59,"उत्क्रमित मध्य विद्यालय, गुरुतारा बयाँ भाग",707,356,351
72,सिंहेश्वर,महुली,6,"सामुदायिक विकास भवन, मोहली पूरब भाग",1019,509,510
72,सिंहेश्वर,लालपुर,60,"हरावत उच्च विद्यालय, लालपुर पश्चिम भाग बाया",724,370,354
72,सिंहेश्वर,लालपुर,61,"हरावत उच्च विद्यालय, लालपुर पश्चिम भाग दाया",742,389,353
72,सिंहेश्वर,लालपुर,62,"हरावत उच्च विद्यालय, लालपुर पूरब भाग",970,477,493
72,सिंहेश्वर,लालपुर,63,"हरावत उच्च विद्यालय, लालपुर मध्य भाग बाया",1122,581,541
72,सिंहेश्वर,सरोपट्टी,64,"प्राथमिक विद्यालय, सरोपट्टी, बायाँ भाग",851,443,408
72,सिंहेश्वर,सरोपट्टी,65,"प्राथमिक विद्यालय सरोपट्टी, दायाँ भाग",797,440,357
72,सिंहेश्वर,लालपुर,66,"प्राथमिक विद्यालय, लक्ष्मीनियाँ दायाँ भाग",767,393,374
72,सिंहेश्वर,लालपुर,67,"प्राथमिक विद्यालय, लक्ष्मीनियाँ बायाँ भाग",764,390,374
72,सिंहेश्वर,कुम्हार टोला पटोरी,68,"उत्क्रमित मध्य विद्यालय, कुम्हार टोली बाया भाग",697,368,329
72,सिंहेश्वर,गौरीपुर,69,"उत्क्रमित मध्य विद्यालय, कुम्हार टोली दायाँ भाग",625,334,291
72,सिंहेश्वर,कमरगामा,7,"प्राथमिक विद्यालय, सिरसिया दायाँ भाग",737,370,367
72,सिंहेश्वर,सिंहेश्वर,70,"प्राथमिक विद्यालय, गौडीपुर पंडा टोला, दायां भाग",826,429,397
72,सिंहेश्वर,सिंहेश्वर,71,"प्राथमिक विद्यालय, गौडीपुर पंडा टोला, बायां भाग",799,416,383
72,सिंहेश्वर,सिंहेश्वर,72,"प्रोजेक्ट बालिका उच्चतर माध्यमिक विद्यालय, सिंहेश्वर, दायाँ भाग",663,357,306
72,सिंहेश्वर,सिंहेश्वर,73,"प्रोजेक्ट बालिका उच्चतर माध्यमिक विद्यालय, सिंहेश्वर, बायाँ भाग",711,355,356
72,सिंहेश्वर,सिंहेश्वर,74,"प्रोजेक्ट बालिका उच्चतर माध्यमिक विद्यालय, सिंहेश्वर, बायाँ भाग",774,399,375
72,सिंहेश्वर,सिंहेश्वर,75,"कन्या मध्य विद्यालय, सिंहेश्वर गौरीपुर, उत्तर भाग",813,438,375
72,सिंहेश्वर,सिंहेश्वर,76,"कन्या मध्य विद्यालय, सिंहेश्वर, गौरीपुर, दक्षिण भाग बाया",1020,541,479
72,सिंहेश्वर,पटौरी,77,"पंचायत भवन, पटोरी, नया भवन वायाँ भाग",944,488,456
72,सिंहेश्वर,पटौरी,78,"पंचायत भवन, पटोरी, नया भवन दायाँ भाग",1046,565,481
72,सिंहेश्वर,पटौरी,79,"उत्क्रमित उच्चतर माध्यमिक विद्यालय, पटोरी पूरब बायाँ भाग",646,314,332
72,सिंहेश्वर,कमरगामा,8,"प्राथमिक विद्यालय, सिरसिया बायाँ भाग",714,345,369
72,सिंहेश्वर,पटौरी,80,"उत्क्रमित उच्चतर माध्यमिक विद्यालय, पटोरी पूरब दायाँ भाग",617,317,300
72,सिंहेश्वर,पटौरी,81,"उत्क्रमित उच्चतर माध्यमिक विद्यालय, पटोरी, पश्चिम बायाँ भाग",686,336,350
72,सिंहेश्वर,पटौरी,82,"उत्क्रमित उच्चतर माध्यमिक विद्यालय, पटोरी, पश्चिम दायाँ भाग",631,336,295
72,सिंहेश्वर,रामपुर,83,"उत्क्रमित मध्य विदयालय, रामपुर, दायां भाग",870,449,420
72,सिंहेश्वर,रामपुर,84,"उत्क्रमित मध्य विद्यालय, रामपुर, बायां भाग",891,459,432
72,सिंहेश्वर,जजहट,85,"मध्य विद्यालय, जजहट सवैला उत्तर भाग बाया",1000,522,478
72,सिंहेश्वर,जजहट,86,"उत्क्रमित उच्चतर माध्यमिक विद्यालय, जजहट सवैला, दक्षिण भाग",701,347,354
72,सिंहेश्वर,जजहट,87,"उत्क्रमित उच्चतर माध्यमिक विद्यालय, जजहट सवैला, मध्य भाग",660,349,311
72,सिंहेश्वर,झिटकिया,88,"उर्दु प्राथमिक विद्यालय, झिटकिया, पुरब. भाग बाया",957,511,446
72,सिंहेश्वर,झिटकिया,89,"उर्दू प्राथमिक विद्यालय, झिटकिया नया भवन",921,507,414
72,सिंहेश्वर,कमरगामा,9,"मध्य विद्यालय, कमरगामा, दायां भाग",830,429,401
72,सिंहेश्वर,झिटकिया,90,"उर्दू प्राथमिक विद्यालय, झिटकिया, पश्चिम भाग बाया",962,504,458
72,सिंहेश्वर,झिटकिया,91,"उर्दु प्राथमिक विद्यालय, झिटकिया, मध्य भाग",907,469,438
72,सिंहेश्वर,झिटकिया,92,"कन्या उर्दू प्राथमिक विद्यालय, झिटकिया पुरब भाग बाया",1129,591,538
72,सिंहेश्वर,गहुमनी,93,"उत्क्रमित मध्य विद्यालय, मजरहट, दक्षिण भाग",1000,501,499
72,सिंहेश्वर,मजरहट,94,"उत्क्रमित मध्य विद्यालय, मजरहट, उत्तर दायां भाग",1033,549,484
72,सिंहेश्वर,मजरहट,95,"उत्क्रमित मध्य विद्यालय, मजरहट, उत्तर बायां भाग",1000,512,488
72,सिंहेश्वर,गहुमनी,96,"मध्य विद्यालय, गहुमनी, दायाँ भाग",1113,572,541
72,सिंहेश्वर,गहुमनी,97,"मध्य विद्यालय, गहुमनी, बायां भाग",1119,560,559
72,सिंहेश्वर,गहुमनी,98,"उत्क्रमित मध्य विद्यालय, लालापट्टी",843,438,405
72,सिंहेश्वर,गहुमनी,99,"प्राथमिक विद्यालय, एकडरहा, दायां भाग उत्तर",873,441,432
